{
  "project_info": {
    "project_number": "37863832361",
    "firebase_url": "https://e-diet-861a6.firebaseio.com",
    "project_id": "e-diet-861a6",
    "storage_bucket": "e-diet-861a6.appspot.com"
  },
  "client": [
    {
      "client_info": {
        "mobilesdk_app_id": "1:37863832361:android:a3d9e3745637237ab15538",
        "android_client_info": {
          "package_name": "dev.swe438.eDiet"
        }
      },
      "oauth_client": [
        {
          "client_id": "37863832361-efn4u3jsfobkh1p4he5h851vtkog61of.apps.googleusercontent.com",
          "client_type": 1,
          "android_info": {
            "package_name": "dev.swe438.eDiet",
            "certificate_hash": "d4b44f074b87de28320c67ef9e9afc42d3232864"
          }
        },
        {
          "client_id": "37863832361-l1g83kj2tp73bm7mhn5j1slito8emiej.apps.googleusercontent.com",
          "client_type": 3
        }
      ],
      "api_key": [
        {
          "current_key": "AIzaSyDN3J49tVyNJo2fAJ8WaYC_rbZGWJMFYgg"
        }
      ],
      "services": {
        "appinvite_service": {
          "other_platform_oauth_client": [
            {
              "client_id": "37863832361-l1g83kj2tp73bm7mhn5j1slito8emiej.apps.googleusercontent.com",
              "client_type": 3
            }
          ]
        }
      }
    }
  ],
  "configuration_version": "1"
}